Date,Open,High,Low,Close,Volume
25-05-2016,474.924988,476.399994,470.575012,475.600006,4224270
26-05-2016,475,476.200012,472.049988,473.424988,6487202
27-05-2016,474.524994,488.450012,474.375,487.350006,6126758
30-05-2016,488.200012,490.75,482.5,484.350006,4404182
31-05-2016,484.5,486.5,478.25,478.924988,10666938
01-06-2016,478.975006,483.049988,475.899994,476.799988,4134068
02-06-2016,477.25,478.575012,472.549988,478.125,4687704
03-06-2016,480,481.450012,477.924988,479.825012,3951424
06-06-2016,480.5,481.5,476.274994,477.399994,3964932
07-06-2016,478.625,480.475006,475.799988,477.524994,8665254
08-06-2016,479,479,474.575012,477.049988,5547950
09-06-2016,480,488.225006,478.100006,485.575012,7151680
10-06-2016,487,492.200012,484.149994,488.350006,7459474
13-06-2016,484.950012,491.725006,481.524994,490.549988,4669712
14-06-2016,490.475006,492.700012,484.649994,488.125,4994016
15-06-2016,490,493.25,486.875,492.299988,5087842
16-06-2016,490.5,491.825012,483.524994,488.149994,4284658
17-06-2016,488.5,489.325012,485.049988,487.450012,4816192
20-06-2016,486.075012,496.299988,484,495.100006,4918474
21-06-2016,497.049988,497.075012,489.850006,493.549988,6369730
22-06-2016,492.5,492.950012,488.549988,490.25,5846568
23-06-2016,489.975006,491,485,490.225006,4497386
24-06-2016,482.450012,482.450012,466.700012,475.725006,11422346
27-06-2016,470.25,479.200012,470.25,477.825012,4189198
28-06-2016,478.200012,480.774994,477.5,478.899994,3476740
29-06-2016,481,484.475006,480,483.450012,3439714
30-06-2016,486,488.75,483.524994,484.575012,5832658
01-07-2016,486.375,488.399994,485,486.725006,3021958
04-07-2016,487.75,496.799988,487.75,493.350006,3567500
05-07-2016,493.049988,501.450012,490.149994,496.549988,5193356
07-07-2016,496.25,500.25,493.075012,493.950012,5499296
08-07-2016,493.5,494.5,488.174988,489.200012,3264450
11-07-2016,495.5,497.475006,492.75,496.25,3779212
12-07-2016,497.625,502.5,495.5,501.700012,4465370
13-07-2016,502.600006,508.350006,502.075012,504.375,6818772
14-07-2016,504.049988,507.049988,499.125,502.450012,4918366
15-07-2016,504.5,510.5,501.75,506.100006,6397124
18-07-2016,514,519.375,500.875,503.125,14678172
19-07-2016,503,511.475006,497.649994,508.899994,7611500
20-07-2016,509.975006,514.150024,508.274994,511.5,5607290
21-07-2016,512,512.5,502.5,503.174988,3068088
22-07-2016,503,508.899994,502.549988,507.424988,3154228
25-07-2016,507,511.875,503.674988,511.375,3767768
26-07-2016,511.5,517.400024,507.600006,512.025024,4807744
27-07-2016,511.524994,513,504.475006,506.549988,5042896
28-07-2016,507.475006,515.25,506.524994,513.174988,7136750
29-07-2016,512,512.450012,506,507.450012,4402328
01-08-2016,509,510.149994,502.524994,504.75,3647388
02-08-2016,504,510,503.149994,506.399994,3524816
03-08-2016,507.200012,507.200012,495.75,496.975006,5427608
04-08-2016,499.5,500,491.700012,496.5,4657432
05-08-2016,499,509.5,498.524994,508.125,5535828
08-08-2016,509.950012,517,509.325012,514.625,6197506
09-08-2016,513.5,517.25,510.5,515.349976,6076092
10-08-2016,515.625,517.275024,501,501.825012,6158926
11-08-2016,500.975006,511.424988,499.799988,507.049988,6477798
12-08-2016,508.5,521.450012,508.5,517.900024,7481722
16-08-2016,518.125,522.400024,507.75,512.450012,6111206
17-08-2016,512.049988,514.400024,503.600006,506.649994,7079940
18-08-2016,508,511.825012,508,509.024994,3542898
19-08-2016,509,511,503.549988,507.450012,3738616
22-08-2016,506,509.850006,503.600006,505.924988,3055808
23-08-2016,506,507.5,502.5,505.225006,3346656
24-08-2016,505.850006,510.975006,505.5,510.25,3986306
25-08-2016,510.600006,514.5,504.5,506.350006,6839550
26-08-2016,508.950012,515.400024,507.299988,513.950012,4406930
29-08-2016,513.625,529.875,513.049988,528.724976,7402990
30-08-2016,531,534.25,526.5,533.200012,8307044
31-08-2016,532.450012,537,523.5,530,10649920
01-09-2016,526.5,536.375,512.849976,514.599976,19484908
02-09-2016,515.549988,516.275024,501.149994,506.674988,12857628
06-09-2016,509.950012,512.5,507.5,509.950012,5262182
07-09-2016,511,513.525024,506.524994,508.825012,5909990
08-09-2016,511.524994,517.974976,510.100006,516.700012,5580392
09-09-2016,517.5,524.950012,515,522.275024,6980882
12-09-2016,515.200012,528,514.575012,523.25,15399600
14-09-2016,524,529.5,520.450012,522.375,8505508
15-09-2016,523.5,535.099976,523.5,532.5,14341770
16-09-2016,533.5,546.924988,529.549988,537.775024,17977852
19-09-2016,536.275024,544,535.5,541.200012,7624648
20-09-2016,542,542.375,534.525024,537.099976,5271708
21-09-2016,537,542.450012,534.5,536.125,5002952
22-09-2016,541.5,547.900024,539.5,544.474976,8577088
23-09-2016,544.5,554.724976,544.5,551.400024,14211450
26-09-2016,551.700012,564.775024,550.125,553.599976,17469886
27-09-2016,558.5,562.974976,553.299988,555.25,8857386
28-09-2016,553.950012,554,543.150024,545.325012,11346976
29-09-2016,547.5,555.375,533.700012,536.224976,9719492
30-09-2016,534,547.275024,533.150024,541.849976,5120210
03-10-2016,543.5,553.974976,538.125,545.349976,8286218
04-10-2016,546.525024,554.150024,546,548.174988,5995088
05-10-2016,552,553.25,542.900024,544.700012,4932794
06-10-2016,546,563.125,546,555.400024,9651260
07-10-2016,557,561.525024,553.25,554.5,6985676
10-10-2016,557,561,547,548.174988,5281946
13-10-2016,544.5,544.525024,526,528.575012,10029334
14-10-2016,531.5,541,530.825012,538.825012,6978946
17-10-2016,540,540.400024,529.375,530.325012,4492474
18-10-2016,533,541.375,531.025024,540.549988,5062266
19-10-2016,542.224976,547.349976,540.700012,543.674988,7805312
20-10-2016,546.974976,549,542.025024,543.775024,4629042
21-10-2016,548.5,548.5,529.200012,532.099976,19936484
24-10-2016,535,537,530.325012,531.650024,4806198
25-10-2016,532.5,532.625,527.099976,530.424988,3501422
26-10-2016,528.025024,529.724976,526.049988,527.025024,5004110
27-10-2016,525.549988,526.950012,521.700012,524.349976,5871148
28-10-2016,525,529,521.900024,527.474976,3715834
01-11-2016,525.650024,527.974976,523.700012,525.5,4674022
02-11-2016,520.5,521.424988,510.5,511.875,3218450
03-11-2016,511.924988,517.375,510.299988,511.975006,3342742
04-11-2016,510.125,513.450012,500,502.774994,5273822
07-11-2016,507,508.274994,499.524994,500.575012,4345842
08-11-2016,502.850006,502.850006,499.149994,501.75,6140692
09-11-2016,475,504.5,465,502.299988,9893146
10-11-2016,509.299988,514.474976,503.5,505.200012,4463814
11-11-2016,498.924988,508.75,497.549988,500.875,6754784
15-11-2016,498.25,500,489.774994,492.700012,6623184
16-11-2016,497.5,498.399994,490.350006,493.274994,7566452
17-11-2016,493,499.075012,487.200012,488.875,5773270
18-11-2016,492.5,496.350006,491,493.75,8303856
21-11-2016,493.774994,496.774994,491.600006,495.75,6049424
22-11-2016,498.850006,503.899994,496.649994,500.725006,8067320
23-11-2016,502.5,505.25,499.774994,504.5,5992496
24-11-2016,502.774994,502.774994,491.100006,493.674988,8646750
25-11-2016,495,497.950012,492.174988,496.850006,4779658
28-11-2016,496.5,500.299988,492.049988,493.325012,3800322
29-11-2016,494.5,502.149994,494.024994,498.850006,4519218
30-11-2016,499.975006,499.975006,493.325012,495.024994,12616008
01-12-2016,500,507.5,497.5,498.875,5773026
02-12-2016,497.950012,502.5,495.899994,497.375,5706090
05-12-2016,497.5,499.850006,493.25,496.924988,1822820
06-12-2016,498,503.274994,497.299988,502.600006,3075070
07-12-2016,502,503.799988,498.174988,499.575012,2254226
08-12-2016,502.524994,510.899994,502.174988,510.024994,4000460
09-12-2016,511,515.924988,510.149994,514.474976,3766666
12-12-2016,510.25,520.849976,510.25,513.599976,4125400
13-12-2016,514,520.5,513.775024,519.900024,4738906
14-12-2016,519.900024,532.224976,519.099976,529.75,11035658
15-12-2016,526.200012,533.799988,524.325012,526.474976,8837934
16-12-2016,526,531,526,528.575012,6831074
19-12-2016,527.5,533.474976,527.174988,531.275024,6861900
20-12-2016,527.349976,530.5,526.575012,528.950012,5343438
21-12-2016,530.049988,533.650024,528.599976,531.625,9311516
22-12-2016,529,531.325012,525.474976,526.674988,13208832
23-12-2016,526,534.474976,526,528.650024,4692828
26-12-2016,527.174988,533,522.325012,523.724976,7004598
27-12-2016,523.924988,533.549988,523.5,532.349976,7974284
28-12-2016,533.950012,534.775024,523.549988,524.849976,4405854
29-12-2016,525,534.400024,524.75,532.724976,4010412
30-12-2016,532.400024,542.5,531.549988,541.200012,7182986
02-01-2017,542,545,536.174988,542.549988,3244916
03-01-2017,544.924988,548.5,540.549988,544.700012,2941502
04-01-2017,546.450012,546.5,532.150024,533.575012,4751094
05-01-2017,535.5,539.950012,534.375,538.700012,3992966
06-01-2017,537.099976,542.5,536.549988,537.474976,3586854
09-01-2017,538.5,543,535.5,538.849976,2390514
10-01-2017,540,547.200012,540,544.924988,5188800
11-01-2017,547.5,547.849976,542,543.025024,5246422
12-01-2017,543.5,545.174988,539.900024,541.650024,1998728
13-01-2017,542.275024,548.75,542.275024,545.200012,3307338
16-01-2017,544.974976,546.974976,536.974976,538.125,5492010
17-01-2017,532.5,534,519.25,520.625,17936580
18-01-2017,521.299988,524,514.375,516.275024,7254142
19-01-2017,517.575012,522.650024,515.5,516.849976,6987456
20-01-2017,516.974976,518.724976,511.950012,512.900024,4016164
23-01-2017,510.899994,515.5,506.399994,507.950012,6267066
24-01-2017,508.5,514.400024,508.5,513.650024,4306182
25-01-2017,516,516.349976,508.075012,508.649994,10906460
27-01-2017,510.125,514.450012,509.5,512.549988,9994478
30-01-2017,512.474976,523.224976,512.400024,522.400024,7167512
31-01-2017,523.424988,526.900024,520.150024,522.599976,6914730
01-02-2017,523.049988,525.450012,517.599976,524.825012,5171596
02-02-2017,525,525.400024,519.125,521.75,4159816
03-02-2017,523,525.224976,515.049988,516.825012,6043502
06-02-2017,518.5,522.450012,516.025024,520.825012,4567964
07-02-2017,521,521.174988,513.599976,515.450012,4528490
08-02-2017,515.450012,519.125,511,512.575012,7420188
09-02-2017,514,517,513.400024,516.375,4508432
10-02-2017,517.5,517.775024,512.775024,515.075012,5723062
13-02-2017,516.5,517,511,514.924988,3915976
14-02-2017,517.5,526.450012,514.950012,524.900024,8340828
15-02-2017,526.450012,528.75,522.625,525.650024,6965690
16-02-2017,526.275024,534.724976,526.275024,533.75,8985694
17-02-2017,533.25,539.099976,529.224976,537.75,6787712
20-02-2017,535.275024,539.424988,533.25,537.700012,5326254
21-02-2017,537.599976,545.474976,536.525024,544.099976,6485580
22-02-2017,546.5,605.825012,546,603.75,58207852
23-02-2017,606.799988,611,589.674988,591.375,28458468
27-02-2017,595.25,628.400024,595.174988,619.450012,38137822
28-02-2017,616,624,614.25,619.025024,16509062
01-03-2017,620.049988,622.200012,615,617.25,11148306
02-03-2017,618.950012,627.349976,613.525024,618.375,8258066
03-03-2017,620.775024,643.900024,620.775024,629.275024,38541702
06-03-2017,634.5,656,632.625,652.674988,30504308
07-03-2017,659.424988,663.5,648.075012,652.474976,19233700
08-03-2017,653.849976,653.849976,643.049988,645.599976,19812206
09-03-2017,645,649,640.75,643.375,14215340
10-03-2017,645.125,648,630.599976,640.825012,11331136
14-03-2017,659.375,659.5,642.625,644.75,12693240
15-03-2017,645.525024,658.150024,645.200012,652.474976,11021316
16-03-2017,655,655.200012,646.799988,648.825012,7279928
17-03-2017,654,659.974976,649.025024,650.349976,10390152
20-03-2017,653,653.125,639.174988,640.400024,5883428
21-03-2017,641.099976,641.950012,629.650024,631.900024,10330214
22-03-2017,626,632.950012,623.275024,629.849976,9276676
23-03-2017,631.575012,638.775024,629,636.650024,5398180
24-03-2017,637.049988,646,634.224976,643.375,7443822
27-03-2017,635.549988,639.375,623.599976,625.549988,14836244
28-03-2017,629,632,621.049988,622.875,9923868
29-03-2017,625.849976,630,616.674988,628.325012,8651574
30-03-2017,627.5,637.375,626.5,635.325012,12737718
31-03-2017,633,668.825012,633,660.450012,20751038
03-04-2017,671,690.25,668.525024,687.325012,20520654
05-04-2017,697.599976,709,690.049988,707.5,18434720
06-04-2017,704.5,724.450012,701.099976,719.25,23142150
07-04-2017,710.650024,717,701.275024,703.299988,14572302
10-04-2017,705,712.450012,688.650024,690.674988,14066282
11-04-2017,693.924988,700.224976,685.049988,686.174988,14743454
12-04-2017,691.400024,693.224976,675.575012,677,12548430
13-04-2017,677,686.700012,673.674988,682.400024,5812376
17-04-2017,682.5,697.775024,682.5,695.924988,5411708
18-04-2017,699.974976,705,683.5,685.099976,7322166
19-04-2017,684.5,691.275024,678.775024,684.400024,5290584
20-04-2017,689.5,693.400024,682.049988,684.775024,3837224
21-04-2017,690.25,710.5,689.275024,701.25,13820554
24-04-2017,704.525024,717.5,700.099976,708.700012,11663462
25-04-2017,730,733.875,713.049988,716.400024,16807408
26-04-2017,717.5,720.025024,701.299988,708.224976,7663550
27-04-2017,708.5,712.075012,701.099976,704.75,5747310
28-04-2017,704.875,710.150024,695.5,697.599976,5416808
02-05-2017,701,701,683.150024,685.275024,8499368
03-05-2017,688.450012,690.375,682.5,685.049988,4343098
04-05-2017,687.5,689.799988,677.025024,678.974976,6567622
05-05-2017,680.799988,683.674988,662.5,664.125,7131086
08-05-2017,665,669.75,659.174988,660.700012,7345170
09-05-2017,662,666.825012,660.125,665.174988,9649022
10-05-2017,667.400024,681.799988,665.325012,679.549988,10471864
11-05-2017,682.049988,684.875,675.825012,679.775024,6301512
12-05-2017,680.025024,682,672.025024,675.224976,3439458
15-05-2017,678.200012,678.200012,666.75,672.049988,3080426
16-05-2017,673.025024,688.450012,670.5,678.150024,5785894
17-05-2017,676.5,682.974976,673.875,676.549988,4500608
18-05-2017,670.125,675,662.049988,663.674988,4475832
19-05-2017,666.5,667.849976,655,659.424988,5857766
22-05-2017,663.25,666.799988,657.599976,662.075012,4023718
23-05-2017,662.849976,664.924988,651,652.775024,4216446
24-05-2017,653.75,656.849976,647.549988,648.849976,6549608
25-05-2017,650,656.200012,648.224976,651.224976,11850670
26-05-2017,651.974976,672.200012,650,668.650024,9797278
29-05-2017,668.5,682.724976,667.799988,678.450012,10982340
30-05-2017,677.950012,682.349976,674.25,679.674988,4415454
31-05-2017,683.5,683.974976,667.900024,670.349976,7508198
01-06-2017,666.349976,670,661.5,664.125,4358656
02-06-2017,667.5,669.349976,658.5,662.375,5255130
05-06-2017,663.125,670.5,657.924988,664.674988,4953412
06-06-2017,666.974976,666.974976,655.5,656.400024,4384712
07-06-2017,655.599976,671,654.5,669.5,5119908
08-06-2017,670,672.400024,664.025024,665.849976,3613042
09-06-2017,672.549988,676.474976,665.5,667.849976,6325604
12-06-2017,663.275024,664.875,658.5,659.724976,3855026
13-06-2017,660.299988,663.5,655.5,657.174988,2754582
14-06-2017,657.950012,680,657.950012,678.75,24202054
15-06-2017,680,697.5,679.549988,691.974976,12933608
16-06-2017,694.549988,697.900024,684.650024,694.400024,14954314
19-06-2017,695.099976,707.900024,695.099976,704.625,6965824
20-06-2017,704.5,711.049988,703.724976,706.174988,4636798
21-06-2017,703.900024,714,702.125,711,9139886
22-06-2017,714.724976,722.700012,713.849976,716.325012,10111884
23-06-2017,718,721,715.299988,717.924988,14237664
27-06-2017,716,721.5,712.5,718.575012,14899756
28-06-2017,719.974976,719.974976,697.775024,699.25,7117076
29-06-2017,700,705,695.049988,696.349976,5896644
30-06-2017,696,696.200012,687.525024,690,3572422
03-07-2017,694.099976,697.349976,685.5,690.525024,4203772
04-07-2017,695,713.549988,694.5,710.974976,8602400
05-07-2017,714.724976,723.724976,712,721.325012,12439044
06-07-2017,724.349976,725,719,721.275024,6213034
07-07-2017,721.5,748.875,720,745.575012,16387270
10-07-2017,747.549988,750.450012,744.549988,746.424988,1602158
11-07-2017,750.5,752.200012,743.5,747.174988,9598458
12-07-2017,749.700012,762.5,748.75,755.549988,7819594
13-07-2017,754.375,762.5,753.075012,761.049988,10519518
14-07-2017,760,768,757.775024,766.875,9386022
17-07-2017,768.5,779.799988,768.5,775.875,8571618
18-07-2017,773.400024,775.900024,755.5,759.950012,8978824
19-07-2017,756.299988,769,756.299988,766.474976,5390082
20-07-2017,769.875,775,761.849976,764.450012,6229372
21-07-2017,775,795.849976,772.474976,792.5,44410224
24-07-2017,800,812.450012,792.5,807.625,19854458
25-07-2017,812.349976,812.474976,798.799988,801.075012,9172158
26-07-2017,802.099976,814.950012,800.549988,811.375,10036778
27-07-2017,814,815.75,794.174988,797.400024,8416142
28-07-2017,795.625,802.974976,789,797.224976,6552046
31-07-2017,800.974976,809.400024,798,807.599976,7574068
01-08-2017,811.375,811.375,795.75,801.799988,5628596
02-08-2017,805,817.849976,804.049988,814.599976,9502770
03-08-2017,813.424988,832.450012,808.525024,825.049988,9009552
04-08-2017,831.5,831.5,807.549988,811.075012,8494090
07-08-2017,815.799988,815.799988,806.275024,808.174988,4360036
08-08-2017,809,810.525024,793.400024,801.275024,5011136
09-08-2017,800.75,810,792.5,799.400024,4771286
10-08-2017,796.525024,803.325012,788.974976,792.174988,4657686
11-08-2017,775.474976,790,766.5,773.125,7770128
14-08-2017,780.5,792.25,780.5,786.525024,6144598
16-08-2017,786,788,775.099976,783.049988,6206788
17-08-2017,784.5,798.825012,780.575012,783.549988,7236358
18-08-2017,782,788.900024,776.575012,787.700012,3628022
21-08-2017,788.5,792.075012,780.125,782.200012,3462376
22-08-2017,786,789.950012,778.025024,780.025024,4358460
23-08-2017,782.424988,793.275024,776.575012,791.025024,3803648
24-08-2017,795,796.549988,782.25,784.025024,5785142
28-08-2017,789.525024,790.974976,780.599976,783.275024,5630656
29-08-2017,780.924988,783.75,765,766.075012,6932842
30-08-2017,773.775024,784.400024,770.625,782.049988,4724774
31-08-2017,787.5,798.724976,787,797.25,11476990
01-09-2017,799.924988,808.299988,799.5,805.049988,7054954
04-09-2017,807.75,818.075012,797.924988,806.674988,9856750
05-09-2017,815,817.424988,810.525024,816.299988,11528262
06-09-2017,813.200012,826.25,811.400024,822.700012,22285024
07-09-2017,823,832.5,815,818.099976,7408536
08-09-2017,820,823.25,812.099976,816.900024,6056729
11-09-2017,821.299988,826.849976,816.549988,817.900024,5801712
12-09-2017,822.75,825,817,823.75,2971669
13-09-2017,824,859.900024,822,849,13430225
14-09-2017,855.799988,861.5,842,843.849976,5425486
15-09-2017,842,852.849976,834.75,841.799988,13072853
18-09-2017,850,851.049988,843.099976,845.549988,2314174
19-09-2017,848.700012,848.75,837,838.599976,3528729
20-09-2017,856.099976,872.5,845.099976,847.150024,11402965
21-09-2017,847,851.700012,836.25,841.349976,5920552
22-09-2017,839.900024,839.900024,813.200012,817.400024,5620443
25-09-2017,815,827.950012,805.200012,821.549988,6505309
26-09-2017,821.700012,827.049988,812.200012,820.099976,4829571
27-09-2017,825.599976,825.700012,795.5,799.150024,8434196
28-09-2017,799.650024,802.900024,780.200012,786.450012,13508179
29-09-2017,791.75,793.400024,779.099976,780.900024,7619230
03-10-2017,795,803.849976,785.349976,798.349976,8387059
04-10-2017,799.200012,824.950012,795.599976,818.849976,8643924
05-10-2017,825,828.450012,818.650024,824.150024,4860479
06-10-2017,824,839.349976,822.599976,837.049988,5942106
09-10-2017,839,839.799988,828,830.650024,4046109
10-10-2017,831,847.299988,831,843.200012,6734986
11-10-2017,845.299988,858.400024,836,840.150024,7049800
12-10-2017,842.099976,876.799988,842.099976,872.75,8522926
13-10-2017,879.299988,890.700012,873.349976,876.450012,9833512
16-10-2017,879,892,861.299988,876.799988,14633539
17-10-2017,878,884,867.200012,874.349976,6354084
18-10-2017,877.400024,917.900024,875,914.5,16765178
19-10-2017,915.799988,921.900024,903,909.900024,3664082
23-10-2017,912.900024,944.700012,909.099976,939.75,12551649
24-10-2017,947.700012,947.700012,928.200012,934.25,6335308
25-10-2017,940.099976,945.900024,929.5,939.900024,4577050
26-10-2017,940,957.799988,931,947.400024,7698704
27-10-2017,950,956.700012,925.700012,929.849976,5256749
30-10-2017,934,945.549988,930.599976,942.5,3576533
31-10-2017,944.950012,945.75,932.200012,940.849976,4345360
01-11-2017,947.75,957.799988,945.75,952.549988,8033040
02-11-2017,952.799988,956.5,944.25,946.599976,4698609
03-11-2017,955.950012,955.950012,940.150024,945.299988,2193730
06-11-2017,942.5,942.5,929,932.5,4460799
07-11-2017,933.349976,935,903.049988,906.700012,9347943
08-11-2017,902.5,906,884.099976,887.799988,8115980
09-11-2017,894.75,909.900024,892.049988,900.5,6860798
10-11-2017,900.950012,900.950012,879.200012,883.849976,6365174
13-11-2017,885,891.900024,873.5,875.25,4155011
14-11-2017,875,895,873,886.700012,5706105
15-11-2017,884.5,890.599976,877.950012,883.700012,6981872
16-11-2017,885.5,906,885.5,903.849976,6931038
17-11-2017,918.950012,924.900024,908.5,911.900024,5586242
20-11-2017,906.200012,924.349976,905,920.849976,4220192
21-11-2017,926.799988,939.650024,925.5,932.549988,5980763
22-11-2017,937.450012,938.650024,923.450012,930.75,5055490
23-11-2017,931,949.900024,926.650024,947,7329126
24-11-2017,950,959.5,947.400024,951.099976,6394443
27-11-2017,947.25,957.5,944,951.349976,4680074
28-11-2017,949.849976,951.349976,938.099976,943.349976,4641893
29-11-2017,941.849976,950,941,946,3674864
30-11-2017,941.450012,941.450012,919.5,921.549988,9434893
01-12-2017,924.450012,931.25,907.700012,910.099976,5081389
04-12-2017,913.5,913.799988,897.349976,901.599976,4618847
05-12-2017,901.049988,920.75,895.450012,913.700012,8369174
06-12-2017,910,930.299988,908.799988,926.650024,11007689
07-12-2017,930.049988,936,923,931.549988,5529565
08-12-2017,933.849976,936.950012,919.049988,921,5588486
11-12-2017,922.450012,926,913.549988,916.150024,4933853
12-12-2017,915.950012,929,908,915.599976,7215014
13-12-2017,916.900024,924.950012,910.700012,914.650024,4182097
14-12-2017,919,924.900024,908.75,921.5,5021130
15-12-2017,931,932.950012,917.700012,919.75,11158706
18-12-2017,911.950012,932.650024,862.650024,921,8494801
19-12-2017,923.599976,927,920,925.950012,4064982
20-12-2017,925.900024,927.400024,917,918.150024,4774414
21-12-2017,918.450012,923.950012,910,912.950012,4147162
22-12-2017,914.650024,922.400024,909.299988,920.400024,4872675
26-12-2017,924.849976,938.900024,918.150024,929.799988,5301456
27-12-2017,933,937.5,919,923.75,4352384
28-12-2017,925.25,934.400024,919.099976,924.200012,7091515
29-12-2017,926.5,932.299988,918.5,921.049988,5069838
01-01-2018,922.700012,922.700012,907.5,909.75,4321686
02-01-2018,913,919.549988,906.400024,911.150024,4342815
03-01-2018,925,926,913.049988,914.799988,6175312
04-01-2018,918.150024,921.799988,915.700012,920.299988,4118581
05-01-2018,921.799988,926.900024,920.25,923.25,3401905
08-01-2018,926.099976,931,923.5,928.549988,4035417
09-01-2018,928.150024,943.900024,924,940.950012,6534997
10-01-2018,943,947.400024,935.5,942.349976,5361502
11-01-2018,941.799988,942.650024,935,937.75,3588377
12-01-2018,943,952.799988,938.25,949,6890028
15-01-2018,950,958.5,945.200012,949.150024,5084113
16-01-2018,947.700012,947.700012,920,922.950012,4948895
17-01-2018,926,929,907,924.5,6036432
18-01-2018,929,929.599976,915.099976,919.700012,4289053
19-01-2018,923,934.400024,922.099976,931.299988,4559564
22-01-2018,948,974.299988,940,971.5,20892838
23-01-2018,975,990.950012,975,983.25,10298500
24-01-2018,981.75,981.75,962.650024,966.349976,6532672
25-01-2018,967.900024,972,956.150024,965.900024,6249419
29-01-2018,966.200012,977.299988,959.299988,964.5,4524605
30-01-2018,965.799988,965.799988,949,950.400024,4198139
31-01-2018,950,964.5,941.549988,961.299988,5738209
01-02-2018,963.25,972.599976,936.599976,943.849976,7554587
02-02-2018,935,943.950012,901,904.349976,13242095
05-02-2018,894,912.5,881.799988,902.150024,8773525
06-02-2018,877,898,871,892.099976,11000567
07-02-2018,902.549988,905.400024,890,894.400024,7100838
08-02-2018,897.900024,910.650024,892.349976,904.549988,6320734
09-02-2018,889,902,886,897.849976,5294279
12-02-2018,903,918.200012,902.049988,915.5,5429792
14-02-2018,923,942.5,921,933.650024,10170959
15-02-2018,937.650024,945.75,928.150024,935.650024,6109454
16-02-2018,939.599976,942.599976,918.099976,921.299988,4401672
19-02-2018,921,932,913.549988,927,4087936
20-02-2018,929,929.549988,918.799988,921.099976,3866919
21-02-2018,930,932.5,922.150024,929.349976,5448230
22-02-2018,922,931,920,924.349976,5118850
23-02-2018,925.400024,938,922.75,934.25,4850839
26-02-2018,939,944.900024,936.599976,938.700012,3856478
27-02-2018,939,955.799988,938.349976,950.5,6410097
28-02-2018,945.950012,957.099976,943.200012,954.549988,25898694
01-03-2018,949.75,959.900024,945.950012,948.400024,4094652
05-03-2018,943,950.150024,921.599976,924.099976,5634893
06-03-2018,929,936.200012,905.099976,910.849976,7323680
07-03-2018,909.25,909.25,888.049988,889.75,7247708
08-03-2018,897.650024,914.5,893.299988,911.450012,6072983
09-03-2018,914.900024,919.349976,911.049988,913.099976,4863577
12-03-2018,920,933.099976,917.549988,930.299988,3801407
13-03-2018,931.900024,936,921.349976,931.849976,5096825
14-03-2018,928.799988,932.049988,919.200012,929.049988,6731530
15-03-2018,925,929.450012,910,911.799988,5811424
16-03-2018,909,909.700012,886.049988,900.049988,14087564
19-03-2018,901,906.900024,892,895.5,5774392
20-03-2018,893.299988,904,887.049988,889.799988,6945721
21-03-2018,894.849976,902.349976,893.299988,896.900024,6727261
22-03-2018,896,911.950012,895.75,908.150024,10116965
23-03-2018,890.599976,900,889.099976,893.900024,10729694
26-03-2018,893.950012,904.299988,892.5,901.099976,6047262
27-03-2018,907.200012,910.75,897,899.799988,6939577
28-03-2018,895.799988,895.849976,880,882.700012,8759586
02-04-2018,893,900.950012,886.5,892.950012,5712065
03-04-2018,891,901.700012,885.25,899.549988,6364728
04-04-2018,904.700012,911.799988,892.049988,894.900024,6498407
05-04-2018,905.099976,910,903.5,908.200012,3898676
06-04-2018,908,918.5,905,911,4418462
09-04-2018,912.549988,919,912.549988,916,3572251
10-04-2018,918.400024,923.900024,914.150024,917.049988,3865402
11-04-2018,921.799988,932.75,916.049988,930.849976,6007539
12-04-2018,929.849976,936.650024,924.200012,928.700012,4947725
13-04-2018,932.700012,941.700012,928.700012,938.849976,5767984
16-04-2018,934.450012,940,928.5,937.049988,4084450
17-04-2018,940,947.200012,936,944.25,4388713
18-04-2018,945.25,948.200012,935.049988,938,3365196
19-04-2018,939.099976,945,935,942.299988,4481413
20-04-2018,938,941.849976,921.200012,927.900024,3349519
23-04-2018,930,944.349976,928.5,936,3508515
24-04-2018,935.799988,975.700012,935,970.049988,9107264
25-04-2018,973.650024,981.799988,963.549988,970.5,6436620
26-04-2018,973,988,962.25,975.349976,15588001
27-04-2018,989.799988,1011,985.5,996.299988,11666267
30-04-2018,982,992.599976,960,963.299988,8871802
02-05-2018,967,979.200012,965.049988,972.700012,6117761
03-05-2018,977.900024,977.900024,959.25,961.599976,3947546
04-05-2018,962.849976,964.700012,950,953.950012,3795692
07-05-2018,958.849976,973.25,956.349976,971,3512532
08-05-2018,977.5,982,965.200012,967.099976,4934036
09-05-2018,965.900024,984.299988,962.25,976.700012,4494423
10-05-2018,980,984.599976,974.25,981.150024,4014645
11-05-2018,981.25,991.299988,977.75,989.25,4011516
14-05-2018,991.950012,991.950012,976.700012,986.599976,2579561
15-05-2018,983.049988,1000,976.650024,978.950012,4800923
16-05-2018,974,974,952.450012,956.150024,8613363
17-05-2018,959.349976,960,941.5,945.349976,4733477
18-05-2018,945.599976,953.5,932,933.849976,5230037
21-05-2018,930.75,935.700012,922.099976,931.349976,6624893
22-05-2018,933.150024,934,925,926.75,5170585
23-05-2018,926,926,909.150024,912.25,4567562
24-05-2018,914,921,910.150024,915.849976,5317983
25-05-2018,916,923.400024,914.450012,920.799988,8129520
28-05-2018,924.900024,927,918.099976,920.400024,5197835
29-05-2018,921.5,928,914.400024,917.450012,8173396
30-05-2018,914.849976,923.200012,906.599976,916.099976,5991222
31-05-2018,921,922.299988,914.549988,921.349976,16951801
01-06-2018,920,935.75,918.450012,930.549988,8765835
04-06-2018,933.400024,944,930.549988,940.849976,5600357
05-06-2018,942.799988,955,941,947.650024,7971524
06-06-2018,947,956,942.650024,954.400024,4189483
07-06-2018,954.900024,976,954.450012,971.349976,6857300
08-06-2018,966.349976,986.549988,960.599976,984.349976,6532599
11-06-2018,987.099976,999.950012,979.049988,982.650024,6866053
12-06-2018,983.400024,1000,980.299988,997.150024,7445221
13-06-2018,1000,1005.900024,989.5,1002.5,5926020
14-06-2018,997.450012,1011.799988,987.400024,1007.950012,5484867
15-06-2018,1006,1023.5,999.25,1014.200012,11294702
18-06-2018,1008.799988,1020.450012,1007,1015.549988,5652374
19-06-2018,1013.900024,1014.799988,993.650024,996.049988,6346101
20-06-2018,996,1022.900024,994.849976,1019.25,7193824
21-06-2018,1023.450012,1036,1021.299988,1031.949951,10509756
22-06-2018,1028.400024,1029.199951,1008.450012,1012.5,16169978
25-06-2018,1011.400024,1016.5,1002.299988,1004.450012,5197694
26-06-2018,1006,1006,975.25,978.950012,8068585
27-06-2018,978.5,985.400024,962.700012,965.849976,8958555
28-06-2018,962,968.5,940.299988,944.950012,8581234
29-06-2018,949.099976,975.5,949,972.450012,7966401
02-07-2018,972.349976,972.349976,957,960.599976,6660916
03-07-2018,965,978.450012,960.349976,971.299988,5067261
04-07-2018,971.799988,992,971,990.099976,5000724
05-07-2018,997,1008.400024,958.599976,964.5,18719353
06-07-2018,964.75,983,964.5,977.549988,9161266
09-07-2018,987.099976,1000,983.5,997.099976,5170189
10-07-2018,1002.75,1028.5,1000,1025.699951,10444513
11-07-2018,1025,1040.900024,1017.849976,1038.800049,8665072
12-07-2018,1044.349976,1099,1042.599976,1082.349976,24109297
13-07-2018,1080.5,1109,1080,1099.800049,17967282
16-07-2018,1099.800049,1108.900024,1073.050049,1076.199951,6595781
17-07-2018,1078.300049,1095.949951,1069.599976,1092.349976,6469256
18-07-2018,1098.400024,1104.599976,1077.300049,1092.550049,4682099
19-07-2018,1093.300049,1115,1086.349976,1104.849976,5433617
20-07-2018,1113.400024,1138.5,1111.900024,1128.650024,8018150
23-07-2018,1129.800049,1129.800049,1113.099976,1120.300049,5842496
24-07-2018,1122,1126.75,1107.400024,1110.949951,4469144
25-07-2018,1110,1123,1104.199951,1115.150024,5949680
26-07-2018,1110.099976,1121.5,1107.800049,1110.650024,6424867
27-07-2018,1119.5,1137.400024,1112.150024,1129.849976,6679468
30-07-2018,1130,1157.300049,1128,1151.400024,13872467
31-07-2018,1151,1190.400024,1147.150024,1186,13875377
01-08-2018,1190.400024,1202.900024,1185.400024,1192.349976,9704295
02-08-2018,1191.5,1191.5,1165.949951,1168.349976,6248975
03-08-2018,1175,1183.5,1169.550049,1176.949951,6645397
06-08-2018,1176.699951,1196,1175.349976,1192.599976,4016418
07-08-2018,1194.900024,1201.400024,1177,1184.199951,4059450
08-08-2018,1185,1222.5,1185,1217.699951,7912437
09-08-2018,1221.5,1231.699951,1212,1217.949951,6846928
10-08-2018,1211,1215,1202.300049,1204.199951,3581210
13-08-2018,1197.550049,1199.949951,1182.699951,1187.699951,4668159
14-08-2018,1190,1217.199951,1184.300049,1210.599976,5299536
16-08-2018,1203.25,1216,1195.5,1200.800049,5982490
17-08-2018,1209,1215.400024,1200.050049,1203.75,3830992
20-08-2018,1207.900024,1236.800049,1207.650024,1234.900024,7607036
21-08-2018,1237.25,1251.5,1227,1247.199951,7279641
23-08-2018,1246.300049,1274,1238.400024,1269.449951,7968123
24-08-2018,1265.25,1279.949951,1260.050049,1277.5,6652005
27-08-2018,1279.400024,1295.849976,1278.75,1291.5,5572177
28-08-2018,1296,1323,1295,1319,8694751
29-08-2018,1316.300049,1329,1290.199951,1294.199951,11077203
30-08-2018,1293.599976,1297.150024,1270.449951,1274.449951,9850042
31-08-2018,1270,1270,1236.599976,1241.650024,15305857
03-09-2018,1245,1257.900024,1226.050049,1229.150024,12200022
04-09-2018,1235.150024,1254.800049,1229,1241.949951,8838770
05-09-2018,1242.5,1252.650024,1208.5,1227,10324923
06-09-2018,1230.150024,1265.699951,1225.349976,1261.400024,11195043
07-09-2018,1264.900024,1281.349976,1254.5,1278.599976,10692787
10-09-2018,1275,1277,1250.099976,1255.849976,7059008
11-09-2018,1259,1268.400024,1234.25,1237.699951,10874768
12-09-2018,1251.800049,1258.699951,1228.849976,1252.5,8065553
14-09-2018,1259.400024,1275.599976,1247.650024,1253.150024,7878583
17-09-2018,1250.75,1250.75,1221.599976,1225.900024,6754086
18-09-2018,1226,1239.400024,1214.349976,1217.150024,7616412
19-09-2018,1224,1224,1201,1210.75,11265786
21-09-2018,1219,1237.400024,1183.5,1217.5,19070172
24-09-2018,1214.449951,1239.900024,1204.5,1232.050049,10102589
25-09-2018,1235.5,1245,1195,1230.599976,9715020
26-09-2018,1239,1253.949951,1227.150024,1251.400024,6396828
27-09-2018,1255,1263,1237.5,1253.75,10808749
28-09-2018,1259.900024,1271.699951,1247.300049,1257.949951,11073023
01-10-2018,1257.699951,1257.699951,1204,1231.699951,7332693
03-10-2018,1229.5,1239.599976,1200.050049,1205.099976,7376575
04-10-2018,1189.5,1190.400024,1106,1122.25,23212443
05-10-2018,1099.5,1115.300049,1038.150024,1048.849976,21943190
08-10-2018,1050,1117,1025.550049,1109.400024,24679428
09-10-2018,1121.650024,1123.300049,1081.199951,1090.050049,10991196
10-10-2018,1093.900024,1115.849976,1084.300049,1102.099976,9502176
11-10-2018,1064,1114.75,1043,1087.800049,13224172
12-10-2018,1104.949951,1129,1101.900024,1126.550049,9058536
15-10-2018,1129.900024,1146.900024,1118.150024,1139.75,8871776
16-10-2018,1146,1167.400024,1140,1163.800049,7478601
17-10-2018,1179,1179.349976,1140,1151.300049,12785646
19-10-2018,1100,1111,1070.25,1101.300049,25421229
22-10-2018,1110,1114.800049,1057.349976,1062.650024,13165542
23-10-2018,1052.75,1064.699951,1043.650024,1054.699951,10573730
24-10-2018,1074.900024,1075.949951,1031.400024,1045.75,13655337
25-10-2018,1036,1040.650024,1016.400024,1030.800049,14096237
26-10-2018,1032.900024,1057,1022,1044.900024,9182613
29-10-2018,1046,1093.849976,1046,1087.800049,7671807
30-10-2018,1085.5,1085.5,1052.099976,1057,8806701
31-10-2018,1059,1065.849976,1047,1061.25,16457691
01-11-2018,1067.900024,1067.900024,1050,1056.25,9396027
02-11-2018,1067,1081,1063.150024,1074.900024,16796200
05-11-2018,1073.449951,1092.699951,1065,1090.300049,7582518
06-11-2018,1094,1112,1091.599976,1104.099976,8634266
07-11-2018,1115,1115,1106.699951,1110.699951,1283997
09-11-2018,1106.25,1113.800049,1085,1093.449951,10840462
12-11-2018,1097.699951,1098.800049,1074.550049,1080,5801720
13-11-2018,1074,1103,1070.050049,1099.449951,6811598
14-11-2018,1105.050049,1112.650024,1085.5,1097.949951,7787530
15-11-2018,1096.949951,1103,1086.5,1096.849976,6831740
16-11-2018,1097.949951,1129.949951,1097.099976,1127.400024,11031889
19-11-2018,1132.900024,1151.699951,1131,1150,7308981
20-11-2018,1145,1155.900024,1130,1137.400024,5719901
21-11-2018,1137.5,1145.5,1107.050049,1112.900024,7507812
22-11-2018,1114.5,1125.349976,1100.099976,1102.849976,5792568
26-11-2018,1109,1117.5,1097.400024,1109.75,6386556
27-11-2018,1107.900024,1130,1105.449951,1128.199951,6810228
28-11-2018,1132.449951,1157.75,1126.300049,1152.650024,8003964
29-11-2018,1161,1179.900024,1160,1168.5,12636169
30-11-2018,1172.300049,1186,1162.300049,1167.550049,10717448
03-12-2018,1174.900024,1174.900024,1148.5,1156.449951,5569578
04-12-2018,1158,1158,1142.199951,1152.300049,5192825
05-12-2018,1143.75,1158.800049,1139.300049,1155.150024,5819618
06-12-2018,1149,1149,1118.25,1123.650024,5866108
07-12-2018,1129.449951,1136.949951,1108.349976,1133.800049,7214078
10-12-2018,1110,1114.300049,1083.099976,1090.25,9381544
11-12-2018,1066,1102.099976,1055,1097.550049,13494665
12-12-2018,1099,1113.5,1087.75,1110.5,12605431
13-12-2018,1128,1128,1095.050049,1107.050049,9297518
14-12-2018,1103.099976,1114.900024,1091.800049,1112.199951,7221324
17-12-2018,1115.949951,1133,1111.5,1129.900024,5064357
18-12-2018,1123.300049,1139,1120.5,1136.400024,5870928
19-12-2018,1141.5,1147.300049,1133.199951,1136.800049,7368799
20-12-2018,1121,1132.5,1116.150024,1128.449951,5764731
21-12-2018,1125,1131.25,1096,1100.199951,8281941
24-12-2018,1100.900024,1103.199951,1086.550049,1089.150024,4144535
26-12-2018,1085.800049,1100,1065.650024,1098.349976,7210059
27-12-2018,1107.199951,1127,1104,1120.199951,12478000
28-12-2018,1125.5,1135.25,1121.199951,1125.550049,7666016
31-12-2018,1130.949951,1133.849976,1116.199951,1121.25,7222817
01-01-2019,1125.25,1127.300049,1110.099976,1121,4455850
02-01-2019,1114.5,1127,1101,1106.400024,7144970
03-01-2019,1107.5,1114.599976,1090.099976,1092.75,7446457
04-01-2019,1097.400024,1104.449951,1081.099976,1098.650024,8465141
07-01-2019,1107,1118.449951,1101,1104.75,5513559
08-01-2019,1105.099976,1109.949951,1096,1104.650024,5625153
09-01-2019,1112,1117,1098.699951,1110.75,5766805
10-01-2019,1107.75,1111,1103,1107.5,4080283
11-01-2019,1107.599976,1113.800049,1088.599976,1098.050049,6463903
14-01-2019,1095,1100.5,1086.400024,1096.800049,4111782
15-01-2019,1105,1132,1105,1129.650024,10062875
16-01-2019,1135,1145,1130.349976,1135.900024,6382777
17-01-2019,1144.449951,1147.900024,1130,1134.449951,7487963
18-01-2019,1148.800049,1189.900024,1135.25,1184.349976,25684142
21-01-2019,1194,1239.949951,1188.650024,1237.699951,22038534
22-01-2019,1232.849976,1246.949951,1219.599976,1235.150024,16552819
23-01-2019,1233.300049,1244.199951,1222,1226.300049,8829502
24-01-2019,1225,1253.199951,1220.099976,1247.449951,13155185
25-01-2019,1250.449951,1264.699951,1235.400024,1246,8550836
28-01-2019,1250.5,1255.949951,1222.400024,1229.550049,8569265
29-01-2019,1231,1231.650024,1201.349976,1210.650024,9328866
30-01-2019,1215,1225,1191.099976,1195.699951,7846940
31-01-2019,1202,1229.699951,1201,1227.150024,10185347
01-02-2019,1234,1255,1227.050049,1249.949951,9228965
04-02-2019,1247,1296.949951,1242.050049,1290.900024,11670570
05-02-2019,1292,1304.400024,1278.599976,1291.550049,9362406
06-02-2019,1296.25,1317.650024,1294.25,1310.25,9411585
07-02-2019,1310.25,1321.199951,1286.099976,1290.400024,9212227
08-02-2019,1284.800049,1300.5,1272.25,1277.699951,6505502
11-02-2019,1275.900024,1276,1251,1253.25,7523999
12-02-2019,1251.5,1272.349976,1251.5,1256.400024,6399485
14-02-2019,1241,1241,1218,1224.199951,6627360
15-02-2019,1229.75,1249.900024,1214,1244.449951,9597961
18-02-2019,1250,1252.5,1215,1220.099976,9649017
19-02-2019,1218,1239.699951,1211.199951,1216.099976,6244189
20-02-2019,1223.849976,1240,1219,1234.349976,6298179
21-02-2019,1236,1257.800049,1229.349976,1246.900024,10580178
22-02-2019,1244.599976,1245.300049,1226,1232.349976,8755865
25-02-2019,1236,1243,1220.650024,1232.300049,7852528
26-02-2019,1209.5,1234.800049,1206,1220.25,10131050
27-02-2019,1228.050049,1244.900024,1209,1223.5,11113182
28-02-2019,1233.75,1239.849976,1226.550049,1231.050049,11286916
01-03-2019,1237,1242.349976,1222.25,1226.050049,7922513
05-03-2019,1223.400024,1239.800049,1218.599976,1237.650024,7121509
06-03-2019,1239.800049,1273.099976,1235.099976,1264.800049,12038231
07-03-2019,1264,1279.800049,1258.150024,1270.25,8109259
08-03-2019,1266.050049,1274.449951,1262,1267.099976,6040052
11-03-2019,1270.050049,1312,1268,1304.099976,9718840
12-03-2019,1316.900024,1334,1314.25,1331.349976,11228736
13-03-2019,1337,1360,1328.099976,1347.300049,11236048
14-03-2019,1349.75,1362,1336.099976,1341.550049,10402048
15-03-2019,1345,1358.800049,1311.199951,1321.650024,15893093
18-03-2019,1331,1357.949951,1329,1350.050049,10105234
19-03-2019,1360,1380,1343.099976,1376.550049,9805318
20-03-2019,1377.800049,1388,1364,1375.449951,9892823
22-03-2019,1372.5,1380.900024,1336.699951,1341.75,11465112
25-03-2019,1330.599976,1336.849976,1316.699951,1324.449951,7951992
26-03-2019,1330.300049,1371.599976,1330,1367.25,9479288
27-03-2019,1377.949951,1377.949951,1344.25,1349.25,10094174
28-03-2019,1350.25,1369.800049,1342.800049,1360,10482938
01-04-2019,1370,1406.800049,1362.550049,1391.849976,10098281
02-04-2019,1398,1403.099976,1380.099976,1389.699951,8012636
03-04-2019,1392.75,1403,1372,1375.199951,7849461
04-04-2019,1379,1383.699951,1347.25,1353.050049,8375674
05-04-2019,1360.949951,1363.900024,1343,1353.900024,6728239
08-04-2019,1356,1357.5,1323.699951,1329.25,8723577
09-04-2019,1328.900024,1340.699951,1321,1334.449951,9497621
10-04-2019,1337.949951,1348,1326.5,1331.400024,7612711
11-04-2019,1332.949951,1353,1329,1346.800049,5741333
12-04-2019,1350,1356.900024,1336.650024,1343.099976,5919742
15-04-2019,1345,1348.949951,1335,1340.150024,4245127
16-04-2019,1345,1360,1340,1343.75,7936553
18-04-2019,1375,1389.75,1365,1385.949951,17960482
22-04-2019,1360,1367,1341.300049,1345.349976,10792748
23-04-2019,1348,1373,1346,1363.849976,9055300
24-04-2019,1370.300049,1394.800049,1366.25,1389.5,7360887
25-04-2019,1389.099976,1412.400024,1362.599976,1372.400024,13929820
26-04-2019,1375,1395.949951,1370.699951,1392.800049,6889444
30-04-2019,1396.400024,1396.400024,1366.800049,1392.800049,10217019
02-05-2019,1392,1413.900024,1382.099976,1405.050049,8682505
03-05-2019,1407.949951,1417.5,1402.650024,1408.849976,6510169
06-05-2019,1398,1402.800049,1378.099976,1384.900024,7237910
07-05-2019,1394.800049,1395,1340.199951,1343.5,8877095
08-05-2019,1340,1340,1292.199951,1299.449951,14610543
09-05-2019,1288.800049,1288.800049,1251.75,1256.449951,19507368
10-05-2019,1265,1277.699951,1245,1251.150024,11226831
13-05-2019,1247.900024,1260.800049,1227.5,1232.050049,8047801
14-05-2019,1236.5,1269.349976,1231.5,1260.449951,13001004
15-05-2019,1273,1278,1250.599976,1256.900024,11163801
16-05-2019,1259.949951,1271.900024,1258.099976,1265.349976,6606652
17-05-2019,1267,1276.949951,1252,1267.400024,7898440
20-05-2019,1313.599976,1337.699951,1303.5,1325.900024,12333937
21-05-2019,1332.199951,1367,1330.050049,1339.800049,13872055
22-05-2019,1345.650024,1359.699951,1335.099976,1340.400024,11287400
23-05-2019,1372,1392,1325,1333.900024,17722514
24-05-2019,1348,1353.800049,1316.5,1336.849976,10180759
